Depth,SiteName,Big Dig Site Code,Latitude,Longitude,Elevation,SO,FT,CP,P,Depth,Interval,Car %?,Nit,Phos,BicarP,NaOHP,pH,water,bio.nmol,bio,bio.C,AG,AG.bio,AG.C,BG,BG.bio,BG.C,BX,BX.bio,BX.C,CBH,CBH.bio,CBH.C,NAG,NAG.bio,NAG.C,AP,AP.bio,AP.C,Cenz,Cenz.bio,logNCEnz,logCPEnz,logNPEnz,EnzTotal,EnzTotal.bio,Act,AMF,Ana,Euk,Fung,GramN,GramP,Gen,Act.nor,AMF.nor,Ana.nor,Euk.nor,Fung.nor,GramN.nor,GramP.nor,Bact.total,Fung.total
0,CODYS-1-MS ridge,CODYS-6,18.29131417,-65.79560247,780,Inceptisol,Colorado,ridge,P1,0,0,3.41,0.18,64.65,12.63,47.64,4.1,0.56,166.41,36.38,10.67,23.36,0.64,6.85,323.73,8.9,94.94,103.88,2.86,30.46,94.48,2.6,27.71,209.25,5.75,61.36,3444.59,94.67,1010.14,545.45,14.99,0.848,0.774,0.657,4199.29,25.23,4.139,1.11,0,0.783,0.662,13.44,6.796,9.453,0.157,0.045,0,0.023,0.024,0.479,0.272,24.375,1.772
20,CODYS-1-MS ridge,CODYS-6,18.29131417,-65.79560247,780,Inceptisol,Colorado,ridge,P1,20,20,2.55,0.14,13.21,2.5425,9.0225,3.8,0.5,114.11,24.59,9.64,9.41,0.38,3.69,53.69,2.18,21.05,18.1,0.74,7.1,7.75,0.32,3.04,23.01,0.94,9.02,1304.99,53.07,511.76,88.96,3.62,0.706,0.627,0.443,1416.96,12.42,3.434,0.724,0.024,0.246,0.27,8.107,6.356,5.427,0.181,0.04,0.001,0.011,0.013,0.4,0.353,17.922,0.994
50,CODYS-1-MS ridge,CODYS-6,18.29131417,-65.79560247,780,Inceptisol,Colorado,ridge,P1,50,30,2.78,0.17,33.35,2.805,29.985,3.7,0.57,217.78,47.35,17.03,17.27,0.36,6.21,120.35,2.54,43.29,65.89,1.39,23.7,32.88,0.69,11.83,67.48,1.43,24.27,2435.75,51.44,876.17,236.39,4.99,0.773,0.701,0.542,2739.62,12.58,6.357,1.278,0.055,0.707,0.419,18.054,10.729,9.749,0.172,0.037,0.001,0.017,0.011,0.455,0.308,35.196,1.697
80,CODYS-1-MS ridge,CODYS-6,18.29131417,-65.79560247,780,Inceptisol,Colorado,ridge,P1,80,30,1.85,0.13,14.53,1.2675,13.005,3.9,0.31,101.79,22.04,11.91,12.11,0.55,6.55,68.43,3.1,36.99,26.41,1.2,14.28,12.97,0.59,7.01,36.75,1.67,19.86,1021.43,46.35,552.12,119.92,5.44,0.757,0.692,0.524,1178.1,11.57,3.132,0.501,0,0.411,0.402,6.992,5.447,5.154,0.188,0.032,0,0.021,0.023,0.393,0.344,15.571,0.903
110,CODYS-1-MS ridge,CODYS-6,18.29131417,-65.79560247,780,Inceptisol,Colorado,ridge,P1,110,30,0.42,0.03,6.68,0.81,5.685,3.7,0.31,11.71,2.5,5.97,4.3,1.72,10.27,4.6,1.84,10.99,2.39,0.95,5.71,1.72,0.69,4.11,1.97,0.79,4.71,313.47,125.19,749.01,13.01,5.2,0.412,0.459,0.189,328.45,28.05,0.356,0.046,0,0.055,0,0.466,0.896,0.685,0.2,0.027,0,0.025,0,0.236,0.513,1.718,0.046
140,CODYS-1-MS ridge,CODYS-6,18.29131417,-65.79560247,780,Inceptisol,Colorado,ridge,P1,140,30,0.13,0.01,6.77,0.822,4.62,3.4,0.24,2.34,0.5,3.72,5.69,11.43,42.38,2.69,5.41,20.04,2.12,4.26,15.79,2.34,4.7,17.43,0.46,0.92,3.43,55.02,110.56,409.8,12.84,25.8,0.144,0.653,0.094,68.32,29.13,0.076,0,0,0.005,0,0.189,0.128,0.1,0.187,0,0,0.011,0,0.465,0.337,0.393,0
0,CODYS-4-MS slope,CODYS-6,18.29131417,-65.79560247,780,Inceptisol,Colorado,slope,P2,0,0,16.11,0.53,111.82,30.21,72.42,4.3,1.67,658.02,141.71,8.8,50.34,0.36,3.12,453.4,3.2,28.14,210.38,1.48,13.06,101.58,0.72,6.31,206.12,1.45,12.79,7047.5,49.73,437.46,815.7,5.76,0.795,0.757,0.602,8069.32,12.26,11.308,5.34,0,2.774,5.089,51.972,19.59,45.639,0.121,0.06,0,0.025,0.051,0.522,0.222,82.869,10.429
20,CODYS-4-MS slope,CODYS-6,18.29131417,-65.79560247,780,Inceptisol,Colorado,slope,P2,20,20,1.83,0.09,23.23,6.0225,14.9025,4.8,0.26,61.48,13.42,7.33,6.17,0.46,3.37,23.73,1.77,12.97,12.83,0.96,7.01,4.59,0.34,2.51,50.48,3.76,27.58,1566.2,116.73,855.85,47.32,3.53,1.016,0.527,0.536,1664,27.07,1.772,0.376,0,0.545,0.128,4.447,2.79,3.359,0.18,0.04,0,0.046,0.012,0.426,0.296,9.009,0.504
50,CODYS-4-MS slope,CODYS-6,18.29131417,-65.79560247,780,Inceptisol,Colorado,slope,P2,50,30,0.48,0.01,8.35,0.4725,7.035,4.8,0.1,1.95,0.42,0.88,3.47,8.22,7.23,3.35,7.94,6.98,3.99,9.45,8.31,5.2,12.32,10.83,4.42,10.47,9.21,134.47,318.64,280.15,16.01,37.94,0.596,0.577,0.344,154.9,79.6,0.078,0,0,0,0,0.078,0.141,0.124,0.259,0,0,0,0,0.252,0.489,0.298,0
80,CODYS-4-MS slope,CODYS-6,18.29131417,-65.79560247,780,Inceptisol,Colorado,slope,P2,80,30,0.19,0.01,4.67,1.386,2.532,5.9,0.21,1.48,0.31,1.63,6.88,21.94,36.21,6.2,19.77,32.63,5.7,18.18,30,5.54,17.67,29.16,6.95,22.16,36.58,323.22,1030.66,1701.16,24.33,77.58,0.641,0.559,0.359,354.5,240.11,0.022,0,0,0.011,0,0.141,0.038,0.102,0.11,0,0,0.05,0,0.63,0.2,0.201,0
110,CODYS-4-MS slope,CODYS-6,18.29131417,-65.79560247,780,Inceptisol,Colorado,slope,P2,110,30,0.42,0.03,6.43,1.074,4.302,5.1,0.26,0.6,0.11,0.26,6.36,56.33,15.2,4.53,40.12,10.82,4.94,43.75,11.8,3.49,30.91,8.34,9.57,84.75,22.87,152.8,1353.24,365.1,19.31,171.01,0.783,0.598,0.468,181.68,301.26,0,0,0,0,0,0.029,0,0.084,0,0,0,0,0,1,0,0.029,0
140,CODYS-4-MS slope,CODYS-6,18.29131417,-65.79560247,780,Inceptisol,Colorado,slope,P2,140,30,0.13,0.01,6.91,0.822,5.688,5.1,0.23,0.41,0.09,0.67,12.73,144.9,94.82,9.83,111.89,73.22,11.74,133.63,87.44,7.11,80.93,52.96,0.12,1.37,0.89,158.93,1809,1183.76,41.41,471.34,0.03,0.738,0.022,200.46,490.55,0,0,0,0,0,0,0.063,0.025,0,0,0,0,0,0,1,0.063,0
0,CODYS-5-MS valley,CODYS-6,18.29131417,-65.79560247,780,Inceptisol,Colorado,valley,P3,0,0,5.47,0.22,101.68,18.66,79.29,4.1,0.74,375.02,81.93,14.98,47.49,0.58,8.68,1148.31,14.02,209.93,208.55,2.55,38.13,241.91,2.95,44.22,166.75,2.04,30.48,2780.13,33.93,508.25,1646.25,20.09,0.692,0.934,0.646,4593.13,12.25,7.382,2.256,0.105,2.313,2.19,30.416,12.53,24.741,0.133,0.043,0.002,0.033,0.037,0.515,0.237,50.433,4.447
20,CODYS-5-MS valley,CODYS-6,18.29131417,-65.79560247,780,Inceptisol,Colorado,valley,P3,20,20,6.53,0.28,63.75,10.5975,50.835,3.8,0.67,167.15,37.49,5.74,7.13,0.19,1.09,120.18,3.21,18.4,57.88,1.54,8.86,22.71,0.61,3.48,83.98,2.24,12.86,1674.11,44.66,256.37,207.9,5.55,0.832,0.72,0.598,1965.99,11.76,4.46,1.087,0,2.398,0.202,13.302,7.031,9.009,0.163,0.042,0,0.068,0.007,0.457,0.263,24.792,1.289
50,CODYS-5-MS valley,CODYS-6,18.29131417,-65.79560247,780,Inceptisol,Colorado,valley,P3,50,30,5.08,0.19,26.66,3.945,20.76,4,0.48,76.06,16.95,3.34,12.11,0.71,2.38,101.92,6.01,20.06,45.19,2.67,8.9,16.88,1,3.32,13.95,0.82,2.75,725.73,42.83,142.86,176.11,10.39,0.522,0.786,0.411,915.79,12.04,2.3,0.409,0,1.194,0.093,4.937,3.923,4.091,0.186,0.035,0,0.075,0.007,0.372,0.325,11.159,0.502
80,CODYS-5-MS valley,CODYS-6,18.29131417,-65.79560247,780,Inceptisol,Colorado,valley,P3,80,30,5.06,0.17,31.43,4.935,25.5075,3.7,0.44,65.27,15.11,2.99,3.89,0.26,0.77,34.33,2.27,6.78,11.91,0.79,2.35,3.89,0.26,0.77,29.09,1.92,5.75,390.48,25.84,77.17,54.02,3.57,0.849,0.671,0.57,473.59,7.26,1.518,0.158,0.138,2.173,0,3.707,3.859,3.56,0.142,0.015,0.012,0.155,0,0.327,0.348,9.222,0.158
110,CODYS-5-MS valley,CODYS-6,18.29131417,-65.79560247,780,Inceptisol,Colorado,valley,P3,110,30,2.72,0.11,45.84,3.915,41.145,-6999,0.46,109.61,23.36,8.58,1.56,0.07,0.57,11.06,0.47,4.06,9.02,0.39,3.31,1.7,0.07,0.62,9.8,0.42,3.6,360.33,15.43,132.4,23.33,1,0.746,0.542,0.404,393.46,3.59,4.476,0.362,0.057,0.752,0.032,4.856,7.794,5.03,0.244,0.021,0.003,0.039,0.002,0.248,0.444,17.182,0.394
140,CODYS-5-MS valley,CODYS-6,18.29131417,-65.79560247,780,Inceptisol,Colorado,valley,P3,140,30,2.9,0.14,41.96,6.825,30.735,-6999,0.39,32.89,7.11,2.45,1.58,0.22,0.54,33.02,4.64,11.38,10.18,1.43,3.51,6.67,0.94,2.3,31.13,4.38,10.73,282.15,39.67,97.23,51.45,7.23,0.876,0.701,0.615,364.73,11.09,1.026,0.109,0.027,0.332,0,1.807,2.046,1.765,0.195,0.022,0.004,0.057,0,0.319,0.402,4.906,0.109
0,TABDYS-2-MS ridge,TABDYS-16,18.26287046,-65.7932011,363,Inceptisol,Tabonuco,ridge,P4,0,0,5.69,0.48,362.48,39.99,305.79,4.9,0.56,610.17,131.45,23.1,30.59,0.23,5.38,1230.87,9.36,216.32,355.01,2.7,62.39,244.91,1.86,43.04,1590.35,12.1,279.5,4194.57,31.91,737.18,1861.38,14.16,0.979,0.903,0.884,7646.3,12.53,15.66,4.07,0.188,1.519,1.062,53.695,28.771,26.484,0.152,0.041,0.002,0.013,0.01,0.485,0.297,98.314,5.132
20,TABDYS-2-MS ridge,TABDYS-16,18.26287046,-65.7932011,363,Inceptisol,Tabonuco,ridge,P4,20,20,2.85,0.27,170.55,16.95,150.21,4.3,0.32,234.52,50.54,17.73,24.89,0.49,8.73,284.43,5.63,99.8,211.33,4.18,74.15,61.71,1.22,21.65,124.45,2.46,43.67,1096.6,21.7,384.77,582.35,11.52,0.759,0.91,0.69,1803.4,7.69,8.238,1.173,0.204,0.583,0.245,17.247,14.007,8.845,0.2,0.03,0.005,0.012,0.006,0.386,0.362,39.696,1.418
50,TABDYS-2-MS ridge,TABDYS-16,18.26287046,-65.7932011,363,Inceptisol,Tabonuco,ridge,P4,50,30,1.16,0.11,68.74,2.5575,65.37,4.7,0.22,60.05,12.81,11.04,9.12,0.71,7.86,97.04,7.57,83.66,42.77,3.34,36.87,8.34,0.65,7.19,34.94,2.73,30.12,298.83,23.33,257.61,157.28,12.28,0.707,0.888,0.628,491.05,8.18,2.731,0.223,0.02,0.106,0.103,3.22,4.028,2.38,0.261,0.022,0.002,0.01,0.009,0.288,0.408,9.999,0.325
80,TABDYS-2-MS ridge,TABDYS-16,18.26287046,-65.7932011,363,Inceptisol,Tabonuco,ridge,P4,80,30,0.35,0.03,99.05,1.7025,96.8925,4.6,0.13,19.72,4.17,11.91,1.62,0.39,4.63,9.48,2.28,27.09,2.06,0.49,5.89,1.08,0.26,3.09,19.56,4.69,55.89,382.04,91.7,1091.54,14.24,3.42,1.11,0.458,0.508,415.84,21.09,0.662,0.085,0.066,0.023,0.068,1.046,1.174,1.042,0.211,0.029,0.023,0.007,0.021,0.313,0.397,2.948,0.153
110,TABDYS-2-MS ridge,TABDYS-16,18.26287046,-65.7932011,363,Inceptisol,Tabonuco,ridge,P4,110,30,0.09,0,206.74,5.4,200.2575,4.7,0.07,0.93,0.2,2.21,2.12,10.56,23.47,2.68,13.35,29.67,2.17,10.81,24.02,1.61,8.02,17.82,4.08,20.33,45.17,356.74,1777.62,3949.15,8.57,42.7,0.72,0.384,0.276,369.39,395.36,0,0,0,0.005,0,0.061,0.078,0.056,0,0,0,0.03,0,0.409,0.561,0.14,0
140,TABDYS-2-MS ridge,TABDYS-16,18.26287046,-65.7932011,363,Inceptisol,Tabonuco,ridge,P4,140,30,0.05,0,121.39,4.398,113.724,5.25,0.09,5.39,1.15,22.7,3.44,2.99,67.89,9.47,8.23,186.91,6.33,5.5,124.93,3.38,2.94,66.71,3.98,3.46,78.55,71.04,61.73,1402.11,22.62,19.65,0.508,0.739,0.375,97.64,18.11,0.133,0.025,0,0.006,0.033,0.441,0.238,0.276,0.155,0.03,0,0.007,0.034,0.48,0.293,0.812,0.057
0,TABDYS-5-MS slope,TABDYS-16,18.26287046,-65.7932011,363,Inceptisol,Tabonuco,slope,P5,0,0,3.43,0.28,92.68,10.44,77.79,6.6,0.53,282.97,60.88,17.75,19.72,0.32,5.75,380.72,6.25,111,193.51,3.18,56.42,42.89,0.7,12.5,236.24,3.88,68.87,2931.44,48.15,854.65,636.84,10.46,0.847,0.809,0.685,3804.52,13.45,7.656,1.71,0.144,0.932,0.64,22.908,13.62,13.274,0.163,0.038,0.003,0.017,0.013,0.457,0.309,44.327,2.349
20,TABDYS-5-MS slope,TABDYS-16,18.26287046,-65.7932011,363,Inceptisol,Tabonuco,slope,P5,20,20,1.34,0.12,70.17,6.45,62.43,6.8,0.29,114.74,24.53,18.31,11.68,0.48,8.72,168.23,6.86,125.54,92.57,3.77,69.08,21.38,0.87,15.96,65.67,2.68,49.01,2033.22,82.88,1517.33,293.87,11.98,0.739,0.746,0.551,2392.76,20.85,3.812,0.642,0.556,0.393,0.211,7.122,6.492,5.303,0.199,0.035,0.027,0.018,0.01,0.351,0.359,17.982,0.853
50,TABDYS-5-MS slope,TABDYS-16,18.26287046,-65.7932011,363,Inceptisol,Tabonuco,slope,P5,50,30,0.99,0.09,37.49,2.16,34.8975,7.2,0.23,48.06,10.2,10.3,7.67,0.75,7.75,69.45,6.81,70.15,49.1,4.81,49.6,9.51,0.93,9.61,20.45,2,20.66,341.38,33.47,344.83,135.72,13.31,0.623,0.843,0.525,497.55,10.35,1.945,0.257,0.042,0.126,0.045,2.505,3.294,1.987,0.236,0.033,0.005,0.013,0.005,0.283,0.424,7.785,0.302
80,TABDYS-5-MS slope,TABDYS-16,18.26287046,-65.7932011,363,Inceptisol,Tabonuco,slope,P5,80,30,0.3,0.03,55.31,0.975,54.135,7.3,0.1,16.68,3.54,11.8,5.96,1.68,19.87,21.67,6.11,72.23,21.32,6.02,71.07,4.98,1.41,16.6,7.24,2.04,24.13,155.95,44,519.83,53.94,15.22,0.526,0.792,0.417,217.13,13.01,0.66,0.078,0,0.024,0.027,0.982,1.05,0.724,0.234,0.029,0,0.008,0.009,0.327,0.394,2.692,0.104
110,TABDYS-5-MS slope,TABDYS-16,18.26287046,-65.7932011,363,Inceptisol,Tabonuco,slope,P5,110,30,0.04,0.003,11.18,1.0875,9.8775,7.2,0.11,2.01,0.41,10.6,5.25,12.75,135.78,5.01,12.16,129.57,5.15,12.5,133.19,3.36,8.16,86.9,4.22,10.25,109.14,67.84,164.7,1754.48,18.76,45.55,0.554,0.705,0.39,90.82,45.24,0.091,0,0,0.007,0,0.025,0.188,0.101,0.283,0,0,0.02,0,0.072,0.618,0.303,0
140,TABDYS-5-MS slope,TABDYS-16,18.26287046,-65.7932011,363,Inceptisol,Tabonuco,slope,P5,140,30,0.04,0,5.74,1.638,3.384,7.3,0.1,23.97,4.96,112.73,0.26,0.05,5.91,1.49,0.3,33.86,0.21,0.04,4.77,0.08,0.02,1.82,2.7,0.54,61.36,117.71,23.74,2675.23,2.04,0.41,1.177,0.233,0.274,122.45,5.11,0.43,0,0,0,0,0.382,2.625,1.521,0.121,0,0,0,0,0.102,0.777,3.438,0
0,TABDYS-4-MS valley,TABDYS-16,18.26287046,-65.7932011,363,Inceptisol,Tabonuco,valley,P6,0,0,10.99,0.82,75.23,8.31,62.67,5.8,1.42,882.02,188.4,17.14,47.85,0.25,4.35,2043.68,10.85,185.96,357.78,1.9,32.56,504.99,2.68,45.95,2008.39,10.66,182.75,3228.2,17.13,293.74,2954.3,15.68,0.952,0.989,0.941,8190.89,9.29,17.861,7.533,0.26,2.98,2.726,78.017,37.752,41.275,0.123,0.054,0.002,0.017,0.017,0.509,0.277,133.889,10.259
20,TABDYS-4-MS valley,TABDYS-16,18.26287046,-65.7932011,363,Inceptisol,Tabonuco,valley,P6,20,20,1.7,0.15,65.65,9.18,54.63,4.9,0.37,163.26,34.74,20.44,11.54,0.33,6.79,145.91,4.2,85.83,60.13,1.73,35.37,25.99,0.75,15.29,233.99,6.73,137.64,894.66,25.75,526.27,243.59,7.01,0.993,0.809,0.803,1372.24,8.41,5.799,0.858,0.165,0.508,0.113,10.849,9.542,6.911,0.21,0.032,0.006,0.016,0.004,0.367,0.365,26.354,0.971
50,TABDYS-4-MS valley,TABDYS-16,18.26287046,-65.7932011,363,Inceptisol,Tabonuco,valley,P6,50,30,1.25,0.11,37.34,2.3025,34.4925,5.3,0.27,93.99,19.84,15.87,5.41,0.27,4.33,114.61,5.78,91.69,52.59,2.65,42.07,9.16,0.46,7.33,81.32,4.1,65.06,543.11,27.38,434.49,181.77,9.16,0.847,0.827,0.7,806.2,8.58,3.642,0.378,0.091,0.365,0.081,5.061,6.304,3.916,0.229,0.025,0.005,0.02,0.005,0.299,0.417,15.099,0.46
80,TABDYS-4-MS valley,TABDYS-16,18.26287046,-65.7932011,363,Inceptisol,Tabonuco,valley,P6,80,30,0.8,0.08,24.07,1.6725,22.035,4.9,0.14,59.47,12.57,15.71,5.26,0.42,6.58,84.43,6.72,105.54,25.94,2.06,32.43,4.72,0.38,5.9,30.19,2.4,37.74,495.4,39.42,619.25,120.36,9.58,0.717,0.773,0.554,645.95,10.86,2.431,0.27,0.04,0.171,0.074,3.184,3.929,2.467,0.241,0.028,0.004,0.015,0.007,0.297,0.409,9.584,0.344
110,TABDYS-4-MS valley,TABDYS-16,18.26287046,-65.7932011,363,Inceptisol,Tabonuco,valley,P6,110,30,0.09,0.009,8.51,0.765,7.3575,3.9,0.09,8.8,1.84,19.57,1.26,0.69,13.4,6.17,3.36,65.64,2.83,1.54,30.11,1.18,0.64,12.55,26.56,14.47,282.55,155.98,84.96,1659.36,11.44,6.23,1.316,0.499,0.656,193.98,22.05,0.314,0.034,0,0.003,0.03,0.451,0.536,0.468,0.228,0.026,0,0.002,0.02,0.315,0.41,1.301,0.064
140,TABDYS-4-MS valley,TABDYS-16,18.26287046,-65.7932011,363,Inceptisol,Tabonuco,valley,P6,140,30,0.03,0.003,0,0,0,4.9,0.07,0.62,0.13,3.9,0.52,4.13,15.6,1.22,9.69,36.6,0.48,3.81,14.4,0.91,7.23,27.3,0.55,4.37,16.5,36.91,293.21,1107.3,3.14,24.94,0.308,0.391,0.121,40.6,65.55,0.018,0,0,0.009,0,0,0.043,0.056,0.25,0,0,0.139,0,0,0.611,0.061,0
0,COOX-2-MS ridge,COOX-1,18.27753979,-65.84832733,791,Oxisol,Colorado,ridge,P7,0,0,7.45,0.5,154.72,30.24,107.01,4.8,1.04,490.69,106.93,14.35,20.99,0.2,2.82,521.75,4.88,70.03,165.67,1.55,22.24,118.4,1.11,15.89,460.57,4.31,61.82,2414.1,22.58,324.04,826.8,7.73,0.913,0.863,0.788,3701.47,7.54,10.193,2.294,0.186,1.874,0.58,41.189,28.935,21.683,0.124,0.029,0.002,0.019,0.007,0.455,0.365,80.503,2.874
20,COOX-2-MS ridge,COOX-1,18.27753979,-65.84832733,791,Oxisol,Colorado,ridge,P7,20,20,4.2,0.3,26.72,4.11,21.18,4.1,0.67,290.43,62.84,14.96,36.54,0.58,8.7,249.48,3.97,59.4,104.72,1.67,24.93,36.12,0.57,8.6,285.84,4.55,68.06,2411.86,38.38,574.25,426.85,6.79,0.934,0.778,0.727,3124.55,10.76,7.143,1.019,0.138,0.978,0.166,20.994,20.093,12.31,0.145,0.021,0.003,0.016,0.003,0.387,0.424,48.367,1.185
50,COOX-2-MS ridge,COOX-1,18.27753979,-65.84832733,791,Oxisol,Colorado,ridge,P7,50,30,1.8,0.11,5.72,0.8925,4.0725,4.1,0.67,58.16,12.45,6.92,17.65,1.42,9.81,45.67,3.67,25.37,26.16,2.1,14.53,32.98,2.65,18.32,30.14,2.42,16.74,1337.45,107.4,743.03,122.47,9.83,0.714,0.669,0.478,1490.06,25.62,1.683,0.146,0,0.089,0.056,2.586,4.561,3.332,0.189,0.017,0,0.008,0.006,0.262,0.519,8.83,0.202
80,COOX-2-MS ridge,COOX-1,18.27753979,-65.84832733,791,Oxisol,Colorado,ridge,P7,80,30,1.09,0.06,9.63,0.84,8.625,3.7,0.54,26.51,5.64,5.17,14.91,2.64,13.68,14.6,2.59,13.39,11.38,2.02,10.44,10.27,1.82,9.42,10.45,1.85,9.59,201.57,35.72,184.93,51.16,9.07,0.617,0.745,0.459,263.18,9.93,0.512,0.06,0.141,0.02,0.062,1.371,1.499,1.978,0.142,0.017,0.037,0.005,0.016,0.36,0.423,3.523,0.122
110,COOX-2-MS ridge,COOX-1,18.27753979,-65.84832733,791,Oxisol,Colorado,ridge,P7,110,30,0.72,0.04,13.09,1.008,10.2675,4.2,0.49,8.91,1.86,2.59,15.03,8.06,20.94,23.07,12.38,32.15,16.63,8.92,23.17,14.13,7.58,19.69,4.09,2.19,5.7,161.34,86.56,224.81,68.87,36.95,0.383,0.834,0.32,234.3,26.31,0.263,0,0,0.007,0,0.456,0.505,0.632,0.212,0,0,0.007,0,0.365,0.414,1.224,0
140,COOX-2-MS ridge,COOX-1,18.27753979,-65.84832733,791,Oxisol,Colorado,ridge,P7,140,30,0.59,0.03,7.92,1.914,5.622,3.65,0.49,12.07,2.55,4.33,5.93,2.33,10.07,26.42,10.37,44.86,24.26,9.52,41.19,6.73,2.64,11.43,6.02,2.36,10.22,185.42,72.79,314.85,63.34,24.86,0.468,0.797,0.373,254.78,21.11,0.473,0.029,0,0.011,0.018,0.514,0.76,0.742,0.264,0.016,0,0.006,0.009,0.277,0.428,1.747,0.047
0,COOX-1-MS slope,COOX-1,18.27753979,-65.84832733,791,Oxisol,Colorado,slope,P8,0,0,8.36,0.43,130.36,28.29,94.53,4.1,0.88,526.89,114.83,13.74,109.06,0.95,13.05,974.57,8.49,116.58,438.1,3.82,52.4,237.77,2.07,28.44,344.4,3,41.2,5717.18,49.79,683.87,1759.51,15.32,0.782,0.864,0.676,7821.09,14.84,10.376,1.937,0.133,3.639,0.331,37.456,36.062,24.9,0.119,0.023,0.001,0.034,0.004,0.392,0.426,84.027,2.268
20,COOX-1-MS slope,COOX-1,18.27753979,-65.84832733,791,Oxisol,Colorado,slope,P8,20,20,5,0.29,37.72,8.55,27.315,4.2,0.72,331.25,72.14,14.43,65.01,0.9,13,438.06,6.07,87.61,188.13,2.61,37.63,58.28,0.81,11.66,183.95,2.55,36.79,3250.75,45.06,650.15,749.48,10.39,0.788,0.819,0.645,4184.18,12.63,7.624,1.162,0.186,1.454,0.725,23.402,22.175,15.416,0.138,0.022,0.003,0.021,0.012,0.387,0.416,53.387,1.887
50,COOX-1-MS slope,COOX-1,18.27753979,-65.84832733,791,Oxisol,Colorado,slope,P8,50,30,2.07,0.13,17.45,1.8375,14.8425,4.1,0.61,85.25,18.32,8.85,43.64,2.38,21.08,142.41,7.78,68.8,84.33,4.6,40.74,38.52,2.1,18.61,44.38,2.42,21.44,816.73,44.59,394.56,308.9,16.87,0.665,0.855,0.569,1170.01,13.72,2.887,0.172,0.102,0.174,0.092,4.252,6.437,4.198,0.21,0.013,0.007,0.01,0.006,0.279,0.475,13.679,0.264
80,COOX-1-MS slope,COOX-1,18.27753979,-65.84832733,791,Oxisol,Colorado,slope,P8,80,30,1.44,0.08,13.65,0.6975,12.8175,4.1,0.58,31.9,6.86,4.76,43.65,6.36,30.31,93.42,13.61,64.88,58.44,8.52,40.58,26.99,3.93,18.74,36.92,5.38,25.64,595.62,86.8,413.63,222.5,32.42,0.672,0.846,0.569,855.04,26.8,1.032,0.063,0,0.183,0.103,1.44,2.222,1.818,0.209,0.013,0,0.033,0.019,0.266,0.459,4.695,0.167
110,COOX-1-MS slope,COOX-1,18.27753979,-65.84832733,791,Oxisol,Colorado,slope,P8,110,30,0.56,0.02,17.38,1.2075,15.93,4,0.43,3.27,0.69,1.24,20.2,29.32,36.33,22.45,32.58,40.38,22.08,32.04,39.71,10.81,15.69,19.44,9.73,14.12,17.5,287.87,417.77,517.75,75.54,109.63,0.547,0.766,0.419,373.14,114.22,0.181,0,0,0.011,0,0.125,0.196,0.177,0.348,0,0,0.02,0,0.238,0.393,0.502,0
140,COOX-1-MS slope,COOX-1,18.27753979,-65.84832733,791,Oxisol,Colorado,slope,P8,140,30,0.34,0.02,12.47,1.398,10.788,4.1,0.57,0.16,0.03,0.09,26.45,788.34,77.49,19.77,589.24,57.92,21.48,640.21,62.93,16.44,489.99,48.16,8.52,253.94,24.96,260.65,7768.67,763.63,84.14,2507.79,0.507,0.798,0.405,353.31,2238.17,0,0,0,0,0,0,0,0.034,0,0,0,0,0,0,0,0,0
0,COOX-4-MS valley,COOX-1,18.27753979,-65.84832733,791,Oxisol,Colorado,valley,P9,0,0,8.33,0.55,194.3,25.53,160.14,4,0.82,817.4,178.28,21.4,69.85,0.39,8.39,1848.92,10.37,221.96,492.73,2.76,59.15,504.15,2.83,60.52,910.01,5.1,109.24,11621.46,65.19,1395.13,2915.65,16.35,0.854,0.852,0.728,15447.12,18.9,16.262,5.059,0.153,3.223,3.351,81.669,30.463,38.096,0.119,0.039,0.001,0.02,0.023,0.562,0.237,128.548,8.41
20,COOX-4-MS valley,COOX-1,18.27753979,-65.84832733,791,Oxisol,Colorado,valley,P9,20,20,3.85,0.28,34.84,3.99,29.265,3.8,0.67,439.7,107.3,27.87,68.41,0.64,17.77,493.28,4.6,128.12,268.89,2.51,69.84,137.02,1.28,35.59,269.09,2.51,69.89,8035.62,74.89,2087.17,967.58,9.02,0.814,0.765,0.623,9272.29,21.09,13.429,2.171,0.187,1.583,0.486,32.366,36.162,20.919,0.161,0.032,0.003,0.015,0.006,0.258,0.526,82.145,2.656
50,COOX-4-MS valley,COOX-1,18.27753979,-65.84832733,791,Oxisol,Colorado,valley,P9,50,30,2.78,0.18,29.42,1.98,26.55,3.95,0.63,163.85,35.69,12.84,42.67,1.2,15.35,166.02,4.65,59.72,171.89,4.82,61.83,38.21,1.07,13.74,56.98,1.6,20.5,1216.54,34.08,437.6,418.78,11.73,0.672,0.85,0.571,1692.3,10.33,5.155,0.423,0,1.335,0.135,9.761,11.224,7.661,0.19,0.016,0,0.04,0.005,0.326,0.423,26.14,0.558
80,COOX-4-MS valley,COOX-1,18.27753979,-65.84832733,791,Oxisol,Colorado,valley,P9,80,30,1.41,0.08,14.12,0.7725,13.125,3.95,0.61,21.05,4.56,3.23,53.45,11.71,37.91,69.51,15.23,49.3,59.18,12.96,41.97,36.43,7.98,25.84,60.02,13.15,42.57,885.46,193.98,627.99,218.58,47.88,0.763,0.794,0.606,1164.06,55.31,0.787,0.023,0.058,0.051,0.038,0.927,1.472,1.208,0.237,0.007,0.015,0.013,0.011,0.264,0.452,3.244,0.061
110,COOX-4-MS valley,COOX-1,18.27753979,-65.84832733,791,Oxisol,Colorado,valley,P9,110,30,0.86,0.05,10.25,1.0575,8.9775,4.35,0.56,4.07,0.84,0.97,39.77,47.19,46.08,29.94,35.52,34.69,23.82,28.26,27.6,24.58,29.16,28.48,18.14,21.52,21.02,402.46,477.53,466.29,118.11,140.14,0.618,0.797,0.492,538.71,132.51,0.13,0,0,0.015,0,0.152,0.248,0.297,0.232,0,0,0.03,0,0.274,0.464,0.53,0
140,COOX-4-MS valley,COOX-1,18.27753979,-65.84832733,791,Oxisol,Colorado,valley,P9,140,30,-6999,-6999,-6999,-6999,-6999,-6999,-6999,-6999,-6999,-6999,-6999,-6999,-6999,-6999,-6999,-6999,-6999,-6999,-6999,-6999,-6999,-6999,-6999,-6999,-6999,-6999,-6999,-6999,-6999,-6999,-6999,-6999,-6999,-6999,-6999,-6999,-6999,-6999,-6999,-6999,-6999,-6999,-6999,-6999,-6999,-6999,-6999,-6999,-6999,-6999,-6999,-6999
0,TABOX-10-MS ridge,TABOX-12,18.31388363,-65.74026858,363,Oxisol,Tabonuco,ridge,P10,0,0,6.31,0.41,113.9,16.23,113.01,3.8,0.845,512.15,111.36,17.65,30.4,0.27,4.82,588.08,5.28,93.2,190.33,1.71,30.16,43.2,0.39,6.85,675.6,6.07,107.07,10772,96.73,1707.13,852.01,7.65,0.966,0.727,0.702,12299.61,24.02,11.979,3.745,0.074,1.345,1.439,44.11,23.517,25.147,0.141,0.047,0.001,0.014,0.016,0.486,0.295,79.68,5.185
20,TABOX-10-MS ridge,TABOX-12,18.31388363,-65.74026858,363,Oxisol,Tabonuco,ridge,P10,20,20,3.25,0.25,40.22,6.75,32.1225,3.8,0.76,326.73,70.65,21.74,34.5,0.49,10.62,1062.85,15.04,327.03,477.55,6.76,146.94,161,2.28,49.54,180.65,2.56,55.58,4385.6,62.07,1349.42,1735.89,24.57,0.697,0.89,0.62,6302.14,19.29,10.524,1.879,0.249,0.621,0.501,21.311,19.943,15.621,0.192,0.036,0.004,0.01,0.009,0.363,0.386,52.028,2.38
50,TABOX-10-MS ridge,TABOX-12,18.31388363,-65.74026858,363,Oxisol,Tabonuco,ridge,P10,50,30,1.41,0.11,19.93,2.16,17.3325,3.5,0.44,69.95,14.94,10.6,15.41,1.03,10.93,135.04,9.04,95.77,47.83,3.2,33.92,12.61,0.84,8.94,15.75,1.05,11.17,1070.5,71.65,759.22,210.89,14.11,0.526,0.768,0.404,1297.14,18.54,1.616,0.259,0.019,0.023,0.138,3.15,5.537,4.199,0.153,0.025,0.002,0.002,0.012,0.272,0.534,10.321,0.397
80,TABOX-10-MS ridge,TABOX-12,18.31388363,-65.74026858,363,Oxisol,Tabonuco,ridge,P10,80,30,0.78,0.07,19.37,1.17,17.9625,3.5,0.42,32.39,6.9,8.85,37.82,5.48,48.49,87.19,12.64,111.78,45.97,6.66,58.94,16.57,2.4,21.24,22.73,3.3,29.14,280.3,40.63,359.36,187.55,27.19,0.604,0.929,0.562,490.58,15.15,1.186,0.079,0,0.017,0.073,1.221,2.151,2.169,0.245,0.017,0,0.004,0.014,0.243,0.477,4.559,0.152
110,TABOX-10-MS ridge,TABOX-12,18.31388363,-65.74026858,363,Oxisol,Tabonuco,ridge,P10,110,30,0.5,0.04,21.34,0.99,20.1525,4.3,0.41,12.37,2.62,5.25,1.66,0.63,3.33,8.84,3.38,17.71,3.49,1.33,6.99,1.07,0.41,2.14,3.89,1.49,7.79,244.8,93.6,490.39,15.06,5.76,0.572,0.504,0.288,263.75,21.32,0.42,0.031,0,0.016,0.02,0.464,0.879,0.785,0.231,0.017,0,0.009,0.01,0.239,0.494,1.763,0.051
140,TABOX-10-MS ridge,TABOX-12,18.31388363,-65.74026858,363,Oxisol,Tabonuco,ridge,P10,140,30,0.32,0.03,17.94,1.05,15.96,4.3,0.29,7.25,1.56,4.93,6.4,4.1,20.23,18.8,12.04,59.43,5.38,3.45,17.01,2.06,1.32,6.51,0,0,0,129.94,83.22,410.79,32.64,20.9,0,0.721,0,162.58,22.41,0.275,0,0.27,0.017,0,0.255,0.384,0.361,0.227,0,0.202,0.014,0,0.219,0.338,1.184,0
0,TABOX-3-MS slope,TABOX-12,18.31388363,-65.74026858,363,Oxisol,Tabonuco,slope,P11,0,0,5.24,0.42,161.29,18.78,137.79,4.3,1,264.7,57.27,10.93,11.63,0.2,2.22,404.32,7.06,77.16,145.71,2.54,27.81,44.97,0.79,8.58,120.37,2.1,22.97,1941.2,33.9,370.46,606.64,10.59,0.749,0.847,0.634,2668.21,10.08,6.837,1.596,0.055,0.442,0.312,21.69,13.773,12.566,0.155,0.038,0.001,0.009,0.007,0.456,0.334,42.355,1.908
20,TABOX-3-MS slope,TABOX-12,18.31388363,-65.74026858,363,Oxisol,Tabonuco,slope,P11,20,20,2.25,0.2,44.48,5.025,38.0175,4.3,0.54,111.54,24.05,10.69,6.93,0.29,3.08,120.53,5.01,53.57,37.47,1.56,16.65,7.66,0.32,3.4,2.1,0.09,0.93,621.61,25.85,276.27,172.59,7.18,0.219,0.801,0.176,796.3,7.14,4.375,0.377,0.071,0.137,0.27,6.803,6.825,5.19,0.232,0.021,0.004,0.007,0.014,0.336,0.387,18.073,0.647
50,TABOX-3-MS slope,TABOX-12,18.31388363,-65.74026858,363,Oxisol,Tabonuco,slope,P11,50,30,0.67,0.05,15.48,1.0575,13.965,4.1,0.42,27.84,5.84,8.72,4.41,0.76,6.58,13.32,2.28,19.88,6.52,1.12,9.73,3.77,0.65,5.63,6.67,1.14,9.96,291.25,49.89,434.7,28.02,4.8,0.605,0.593,0.359,325.94,11.71,0.901,0.109,0.05,0.011,0.031,1.143,1.838,1.754,0.222,0.027,0.014,0.003,0.007,0.266,0.461,3.932,0.14
80,TABOX-3-MS slope,TABOX-12,18.31388363,-65.74026858,363,Oxisol,Tabonuco,slope,P11,80,30,0.34,0.03,10.67,0.345,10.1925,4.1,0.45,7.77,1.61,4.74,0,0,0,0,0,0,0,0,0,0,0,0,0,0,0,205.33,127.72,603.91,0,0,0,0,0,205.33,26.42,0.235,0.034,0,0.009,0,0.306,0.474,0.55,0.22,0.032,0,0.01,0,0.28,0.458,1.014,0.034
110,TABOX-3-MS slope,TABOX-12,18.31388363,-65.74026858,363,Oxisol,Tabonuco,slope,P11,110,30,0.31,0.03,11.09,1.605,9.165,4.2,0.45,7.7,1.6,5.08,0,0,0,5.39,3.37,17.13,0,0,0,0,0,0,0,0,0,109.53,68.42,348.1,5.39,3.37,0,0.394,0,114.92,14.92,0.248,0,0,0.016,0,0.266,0.563,0.509,0.225,0,0,0.015,0,0.244,0.518,1.077,0
140,TABOX-3-MS slope,TABOX-12,18.31388363,-65.74026858,363,Oxisol,Tabonuco,slope,P11,140,30,0.13,0.01,8.51,0.564,7.1325,4.2,0.46,3.28,0.7,5.54,0,0,0,0,0,0,0,0,0,0,0,0,0,0,0,256.64,365.73,2030.72,0,0,0,0,0,256.64,78.32,0.064,0,0.108,0.016,0,0.176,0.188,0.149,0.116,0,0.174,0.031,0,0.319,0.357,0.536,0
0,TABOX-6-MS valley,TABOX-12,18.31388363,-65.74026858,363,Oxisol,Tabonuco,valley,P12,0,0,4.44,0.44,298.72,21.57,271.02,4.8,0.69,317.97,67.07,15.11,12.42,0.19,2.8,557.31,8.31,125.52,209.96,3.13,47.29,65.03,0.97,14.65,68.7,1.02,15.47,4063.9,60.59,915.29,844.72,12.59,0.63,0.811,0.511,4977.32,15.65,11.177,2.309,0.157,0.674,0.793,14.992,21.384,15.582,0.214,0.046,0.003,0.011,0.014,0.275,0.436,47.71,3.102
20,TABOX-6-MS valley,TABOX-12,18.31388363,-65.74026858,363,Oxisol,Tabonuco,valley,P12,20,20,2.53,0.24,115.61,6.735,107.31,4.65,0.55,184.35,39.55,15.63,11.5,0.29,4.55,216.37,5.47,85.52,69.48,1.76,27.46,14.2,0.36,5.61,135.47,3.43,53.55,1518.2,38.39,600.08,311.55,7.88,0.856,0.784,0.671,1965.22,10.66,4.875,0.8,0.033,0.197,0.193,12.915,12.677,7.856,0.158,0.027,0.001,0.006,0.006,0.378,0.424,30.501,0.993
50,TABOX-6-MS valley,TABOX-12,18.31388363,-65.74026858,363,Oxisol,Tabonuco,valley,P12,50,30,0.7,0.06,52.25,1.5525,50.235,4.7,0.41,30.25,6.38,9.11,6.99,1.1,9.99,36.84,5.78,52.63,11.57,1.81,16.53,4.18,0.66,5.97,7.39,1.16,10.56,451.53,70.79,645.04,59.57,9.34,0.518,0.671,0.348,518.49,17.14,1.127,0.09,0.036,0.044,0.079,1.074,2.403,1.525,0.232,0.019,0.007,0.008,0.015,0.212,0.507,4.641,0.169
80,TABOX-6-MS valley,TABOX-12,18.31388363,-65.74026858,363,Oxisol,Tabonuco,valley,P12,80,30,0.26,0.03,47.01,0.5475,46.35,4.7,0.36,8.07,1.68,6.46,6.42,3.82,24.69,11.82,7.03,45.46,9.24,5.49,35.54,4.18,2.49,16.08,5.23,3.11,20.12,306.56,182.26,1179.08,31.66,18.82,0.525,0.609,0.319,343.45,42.55,0.217,0.016,0.052,0.012,0.023,0.534,0.474,0.354,0.161,0.013,0.045,0.009,0.016,0.39,0.365,1.277,0.039
110,TABOX-6-MS valley,TABOX-12,18.31388363,-65.74026858,363,Oxisol,Tabonuco,valley,P12,110,30,0.2,0.03,55.45,0.4125,54.9525,4.85,0.44,2.07,0.43,2.15,3.82,8.81,19.1,3.17,7.31,15.85,2.48,5.72,12.4,2.56,5.9,12.8,0.4,0.92,2,276.68,637.88,1383.4,12.02,27.71,0.131,0.456,0.06,289.1,139.72,0.022,0,0,0,0,0.177,0.099,0.136,0.077,0,0,0,0,0.566,0.357,0.298,0
140,TABOX-6-MS valley,TABOX-12,18.31388363,-65.74026858,363,Oxisol,Tabonuco,valley,P12,140,30,-6999,-6999,-6999,-6999,-6999,-6999,-6999,-6999,-6999,-6999,-6999,-6999,-6999,-6999,-6999,-6999,-6999,-6999,-6999,-6999,-6999,-6999,-6999,-6999,-6999,-6999,-6999,-6999,-6999,-6999,-6999,-6999,-6999,-6999,-6999,-6999,-6999,-6999,-6999,-6999,-6999,-6999,-6999,-6999,-6999,-6999,-6999,-6999,-6999,-6999,-6999,-6999
